
insert into client (idclient,nom,prenom,adresse,cp,ville,tel) values (17 , 'TARINAUX',' Lucien' , '12 rue de la Justice' , '51100' , 'REIMS' , '03.26.25.48.87');
insert into client (idclient,nom,prenom,adresse,cp,ville,tel) values (46 , 'MARTUSE' ,'pierre', '103 avenue Lear' , '51100' , 'REIMS' , '03.26.03.25.26');
insert into client (idclient,nom,prenom,adresse,cp,ville,tel) values (47 , 'RABIN',' Sandrine' , '21 rue de la Méditerranée' , '51100' , 'REIMS' , '03.26.14.46.25');
insert into client (idclient,nom,prenom,adresse,cp,ville,tel) values (48 , 'SILLARD ','Laurence' , '46 rue Pasentiers' , '51100' , 'REIMS' , '03.26.11.11.25');
insert into client (idclient,nom,prenom,adresse,cp,ville,tel) values (49 , 'COTOY ','Sylvie' , '12 rue des écus' , '51100' , 'REIMS' , '03.26.10.25.75');
insert into client (idclient,nom,prenom,adresse,cp,ville,tel) values (50 , 'HELLOU ','Bernard' , '21 rue de la Méditerranée' , '51100' , 'REIMS' , '03.26.12.25.42');
insert into client (idclient,nom,prenom,adresse,cp,ville,tel) values (51 , 'HENTION ','Martine' , '50 allée des bons enfants' , '51100' , 'REIMS' , '03.26.12.25.86');
insert into client (idclient,nom,prenom,adresse,cp,ville,tel) values (52 , 'SIBAT ','Evelyne' , '14 rue de la Baltique' , '51100' , 'REIMS' , '03.26.12.23.33');
insert into client (idclient,nom,prenom,adresse,cp,ville,tel) values (53 , 'MARIN ','Dominique' , '24 rue de la Baltique' , '51100' , 'REIMS' , '03.26.10.10.23');
insert into client (idclient,nom,prenom,adresse,cp,ville,tel) values (54 , 'DURDUX ','Monique' , '46 allée des Béarnais' , '51460' , 'VITRY LE FRANCOIS' , '03.26.42.42.33');
insert into client (idclient,nom,prenom,adresse,cp,ville,tel) values (55 , 'CANILLE ','Walter' , '14 rue Lanterneau' , '51100' , 'REIMS' , '03.26.12.12.87');
insert into client (idclient,nom,prenom,adresse,cp,ville,tel) values (56 , 'BOUQUET ','Antoinette' , '1 rue de la Méditerranée' , '51140' , 'ROMAIN' , '03.26.78.89.54');
insert into client (idclient,nom,prenom,adresse,cp,ville,tel) values (57 , 'GAUTON ','Nadine' , '5 place des Oiseaux' , '51200' , 'FISMES' , '03.26.53.56.55');
insert into client (idclient,nom,prenom,adresse,cp,ville,tel) values (58 , 'LEGROS ','Christian' , '18 place des Oiseaux' , '51200' , 'FISMES' , '03.26.44.55.66');
insert into client (idclient,nom,prenom,adresse,cp,ville,tel) values (59 , 'DUMOITIERS ','Lucille' , '12 place Centrale' , '02320' , 'LONGUEVAL' , '03.26.86.43.25');
insert into client (idclient,nom,prenom,adresse,cp,ville,tel) values (60 , 'BOUCHE ','Carole' , '4,. rue Brulé' , '51200' , 'FISMES' , '03.26.33.96.85');

insert into produit (idproduit , designation ,   prixht , stock  ) values (1004 , 'FEU DE JOIE LIQUEUR ASSORT.'  , 23.00  , 50 );
insert into produit (idproduit , designation ,   prixht , stock  ) values (1007 , 'TENDRE FRUIT' ,  18.00  , 120 );
insert into produit (idproduit , designation ,   prixht , stock  ) values (1046 , 'CARACAO' , 24.50  , 50 );
insert into produit (idproduit , designation ,   prixht , stock  ) values (1016 , 'COKTAIL' ,  33.00  , 40 );
insert into produit (idproduit , designation ,   prixht , stock  ) values (1017 , 'ORFIN' ,  32.00  , 40 );
insert into produit (idproduit , designation ,   prixht , stock  ) values (3002 , 'CARRE PECTO' ,  29.00  , 40 );
insert into produit (idproduit , designation ,   prixht , stock  ) values (3004 , 'ZAN ALESAN' ,  46.00  , 50 );
insert into produit (idproduit , designation ,   prixht , stock  ) values (3010 , 'PATES GRISES' , 35.00  , 100 );
insert into produit (idproduit , designation ,   prixht , stock  ) values (3016 , 'CARAMEL AU LAIT' ,  20.00  , 100 );
insert into produit (idproduit , designation ,   prixht , stock  ) values (3017 , 'VIOLETTE TRADITION' ,  25.00  , 100 );
insert into produit (idproduit , designation ,   prixht , stock  ) values (4002 , 'SUCETTE BOULE FRUIT' , 14.00  , 100 );
insert into produit (idproduit , designation ,   prixht , stock  ) values (4004 , 'SUCETTE BOULE POP' ,  21.00  , 50 );
insert into produit (idproduit , designation ,   prixht , stock  ) values (4010 , 'CARAMBAR' , 18.00  , 20 );
insert into produit (idproduit , designation ,   prixht , stock  ) values (4011 , 'CARANOUGA' ,  18.00  , 100 );
insert into produit (idproduit , designation ,   prixht , stock  ) values (4012 , 'CARAMBAR FRUIT' ,  18.00  , 100 );
insert into produit (idproduit , designation ,   prixht , stock  ) values (4013 , 'CARAMBAR COLA' ,  18.00  , 50 );
insert into produit (idproduit , designation ,   prixht , stock  ) values (4046 , 'SOURIS REGLISSE' ,  24.00  , 50 );
insert into produit (idproduit , designation ,   prixht , stock  ) values (4016 , 'SOURIS CHOCO' ,  24.00  , 50 );
insert into produit (idproduit , designation ,   prixht , stock  ) values (4019 , 'SCHTROUMPFS VERTS' ,  24.00  , 50 );
insert into produit (idproduit , designation ,   prixht , stock  ) values (4020 , 'CROCODILE' ,  21.00  , 50 );
insert into produit (idproduit , designation ,  prixht , stock   ) values (4022 , 'PERSICA' ,  28.00  , 20 );
insert into produit (idproduit , designation ,  prixht , stock   ) values (4025 , 'COLA CITRIQUE' ,  21.00  , 50 );
insert into produit (idproduit , designation ,   prixht , stock  ) values (4026 , 'COLA LISSE' ,  25.00  , 50 );
insert into produit (idproduit , designation ,   prixht , stock  ) values (4027 , 'BANANE' ,  23.00  , 20 );
insert into produit (idproduit , designation ,   prixht , stock  ) values (4029 , 'OEUF SUR LE PLAT' ,  25.00  , 20 );
insert into produit (idproduit , designation ,   prixht , stock  ) values (4030 , 'FRAISIBUS' ,  25.00  , 50 );
insert into produit (idproduit , designation ,  prixht , stock  ) values (4031 , 'FRAISE TSOIN-TSOIN' ,  25.00  , 40 );
insert into produit (idproduit , designation ,   prixht , stock  ) values (4032 , 'METRE REGLISSE ROULE' ,  19.00  , 50 );
insert into produit (idproduit , designation ,   prixht , stock  ) values (4033 , 'MAXI COCOBAT' ,  19.00  , 20 );
insert into produit (idproduit , designation ,   prixht , stock  ) values (4034 , 'DENTS VAMPIRE' ,  22.00  , 50 );
insert into produit (idproduit , designation ,   prixht , stock  ) values (4036 , 'LANGUE COLA CITRIQUE' , 21.00  , 40 );
insert into produit (idproduit , designation ,   prixht , stock  ) values (4037 , 'OURSON CANDI' ,  21.00  , 50 );
insert into produit (idproduit , designation ,   prixht , stock ) values (4039 , 'SERPENT ACIDULE' ,  21.00  , 20 );
insert into produit (idproduit , designation ,   prixht , stock ) values (4042 , 'TETINE CANDI' ,  20.00  , 40 );
insert into produit (idproduit , designation ,   prixht , stock  ) values (4045 , 'COLLIER PECCOS' ,  21.00  , 50 );
insert into produit (idproduit , designation ,   prixht , stock  ) values (4052 , 'TWIST ASSORTIS' ,  22.00  , 50 );
insert into produit (idproduit , designation ,  prixht , stock  ) values (4053 , 'OURSON GUIMAUVE' ,  35.00  , 10 );
insert into produit (idproduit , designation ,   prixht , stock  ) values (4054 , 'BOULE COCO MULER' ,  34.00  , 10 );
insert into produit (idproduit , designation ,   prixht , stock  ) values (4055 , 'COCOMALLOW' ,  33.00  , 10 );
insert into produit (idproduit , designation ,   prixht , stock ) values (4057 , 'CRIC-CRAC' ,  33.00  , 10 );

insert into commande (idc ,  idclient , datecreation  ,  etat) values (10178 , 46 , '2008/09/05' , 1);
insert into commande (idc ,  idclient , datecreation  ,   etat) values (10179 , 46 , '2008/10/13' ,  1);
insert into commande (idc ,  idclient , datecreation  ,  etat) values (10180 , 46 ,  '2008/10/10' ,   1);
insert into commande (idc ,  idclient , datecreation  ,   etat) values (10181 , 46 ,  '2008/10/11' ,   1);
insert into commande (idc ,  idclient , datecreation  ,   etat) values (10182 , 46 ,  '2008/10/11' ,  1);
insert into commande (idc ,  idclient , datecreation  ,   etat) values (10183 , 46 ,  '2008/10/11' ,  1);
insert into commande (idc ,  idclient , datecreation  ,   etat) values (10184 , 46 ,  '2008/10/12' ,   1);
insert into commande (idc ,  idclient , datecreation  ,   etat) values (10185 , 46 ,  '2008/10/12' ,   1);
insert into commande (idc ,  idclient , datecreation  ,   etat) values (10186 , 46 ,  '2008/10/10' ,   1);
insert into commande (idc ,  idclient , datecreation  ,   etat) values (10187 , 46 ,  '2008/10/10' ,   1);
insert into commande (idc ,  idclient , datecreation  ,   etat) values (10188 , 17 ,  '2008/10/12' ,   1);
insert into commande (idc ,  idclient , datecreation  ,   etat) values (10189 , 17 ,  '2008/10/10' ,   1);
insert into commande (idc ,  idclient , datecreation  ,  etat) values (10190 , 17 , '2008/10/13' ,  1);
insert into commande (idc ,  idclient , datecreation  ,   etat) values (10191 , 17 ,  '2008/10/13' ,   1);
insert into commande (idc ,  idclient , datecreation  ,   etat) values (10192 , 17 ,  '2008/11/10' ,   1);

insert into lignecommande (idlc , idc , idproduit , pourcentageremise , quantite) values (10188 , 3 , 1004 ,2, 1);
insert into lignecommande (idlc , idc , idproduit , pourcentageremise ,  quantite) values (10179 , 7 , 1007 ,2, 2);
insert into lignecommande (idlc , idc , idproduit , pourcentageremise , quantite) values (10191 , 4 , 1046 ,4 ,1);
insert into lignecommande (idlc , idc , idproduit , pourcentageremise , quantite) values (10191 , 1 , 1016 ,5, 1);
insert into lignecommande (idlc , idc , idproduit , pourcentageremise , quantite) values (10188 , 1 , 1016 ,6, 2);
insert into lignecommande (idlc , idc , idproduit , pourcentageremise ,  quantite) values (10186 , 1 , 1016 ,7 ,1);
insert into lignecommande (idlc , idc , idproduit , pourcentageremise ,  quantite) values (10189 , 1 , 1017 , 4,1);
insert into lignecommande (idlc , idc , idproduit , pourcentageremise , quantite) values (10192 , 3 , 1017 , 6,1);
insert into lignecommande (idlc , idc , idproduit , pourcentageremise ,quantite) values (10186 , 2 , 3002 ,2, 2);
insert into lignecommande (idlc , idc , idproduit , pourcentageremise ,quantite) values (10192 , 9 , 3004 ,4 ,1);
insert into lignecommande (idlc , idc , idproduit , pourcentageremise ,quantite) values (10192 , 4 , 3016 ,1, 5);
insert into lignecommande (idlc , idc , idproduit , pourcentageremise ,quantite) values (10190 , 1 , 3010 ,1, 4);
insert into lignecommande (idlc , idc , idproduit , pourcentageremise ,quantite) values (10180 , 3 , 3016 ,1, 3);
insert into lignecommande (idlc , idc , idproduit ,pourcentageremise , quantite) values (10192 , 6 , 3017 ,1, 1);
insert into lignecommande (idlc , idc , idproduit , pourcentageremise ,quantite) values (10179 , 4 , 4002 ,2, 1);
insert into lignecommande (idlc , idc , idproduit , pourcentageremise ,quantite) values (10185 , 1 , 4002 ,3, 1);
insert into lignecommande (idlc , idc , idproduit , pourcentageremise ,quantite) values (10181 , 4 , 4002 ,2, 2);
insert into lignecommande (idlc , idc , idproduit ,pourcentageremise , quantite) values (10184 , 3 , 4004 ,2, 1);
insert into lignecommande (idlc , idc , idproduit , pourcentageremise ,quantite) values (10178 , 5 , 4004 ,2, 1);
insert into lignecommande (idlc , idc , idproduit , pourcentageremise ,quantite) values (10187 , 2 , 4010 ,2, 1);
insert into lignecommande (idlc , idc , idproduit ,pourcentageremise , quantite) values (10187 , 3 , 4011 ,2, 1);
insert into lignecommande (idlc , idc , idproduit , pourcentageremise ,quantite) values (10182 , 2 , 4012 ,2, 1);
insert into lignecommande (idlc , idc , idproduit ,pourcentageremise , quantite) values (10181 , 5 , 4012 ,2, 2);
insert into lignecommande (idlc , idc , idproduit , pourcentageremise ,quantite) values (10183 , 5 , 4013 ,2, 1);
insert into lignecommande (idlc , idc , idproduit ,pourcentageremise , quantite) values (10191 , 3 , 4013 ,2, 1);
insert into lignecommande (idlc , idc , idproduit ,pourcentageremise , quantite) values (10178 , 1 , 4046 ,2, 1);
insert into lignecommande (idlc , idc , idproduit ,pourcentageremise , quantite) values (10187 , 1 , 4046 , 2,1);
insert into lignecommande (idlc , idc , idproduit ,pourcentageremise , quantite) values (10190 , 2 , 4046 ,2, 1);
insert into lignecommande (idlc , idc , idproduit , pourcentageremise ,quantite) values (10189 , 2 , 4016 , 2,1);
insert into lignecommande (idlc , idc , idproduit ,pourcentageremise , quantite) values (10192 , 10 , 4019 ,2, 1);
insert into lignecommande (idlc , idc , idproduit ,pourcentageremise , quantite) values (10181 , 1 , 4020 ,2, 1);
insert into lignecommande (idlc , idc , idproduit , pourcentageremise ,quantite) values (10192 , 7 , 4022 ,2, 1);
insert into lignecommande (idlc , idc , idproduit , pourcentageremise ,quantite) values (10183 , 1 , 4025 ,2, 1);
insert into lignecommande (idlc , idc , idproduit , pourcentageremise ,quantite) values (10178 , 2 , 4025 ,2, 1);
insert into lignecommande (idlc , idc , idproduit , pourcentageremise ,quantite) values (10192 , 1 , 4025 ,2, 1);
insert into lignecommande (idlc , idc , idproduit , pourcentageremise ,quantite) values (10184 , 1 , 4025 ,2, 1);
insert into lignecommande (idlc , idc , idproduit ,pourcentageremise , quantite) values (10181 , 2 , 4026 ,2, 1);
insert into lignecommande (idlc , idc , idproduit ,pourcentageremise , quantite) values (10183 , 2 , 4027 ,2, 1);
insert into lignecommande (idlc , idc , idproduit ,pourcentageremise , quantite) values (10183 , 3 , 4029 ,2, 1);
insert into lignecommande (idlc , idc , idproduit ,pourcentageremise , quantite) values (10192 , 2 , 4030 , 2,1);
insert into lignecommande (idlc , idc , idproduit ,pourcentageremise , quantite) values (10179 , 1 , 4031 ,2, 1);
insert into lignecommande (idlc , idc , idproduit ,pourcentageremise , quantite) values (10178 , 3 , 4031 ,2, 1);
insert into lignecommande (idlc , idc , idproduit ,pourcentageremise , quantite) values (10189 , 3 , 4031 ,2, 1);
insert into lignecommande (idlc , idc , idproduit , pourcentageremise , quantite) values (10184 , 2 , 4031 , 2,2);
insert into lignecommande (idlc , idc , idproduit , pourcentageremise , quantite) values (10192 , 5 , 4031 ,2, 1);
insert into lignecommande (idlc , idc , idproduit , pourcentageremise ,quantite) values (10179 , 2 , 4032 ,2, 1);
insert into lignecommande (idlc , idc , idproduit , pourcentageremise ,quantite) values (10190 , 3 , 4032 ,2, 1);
insert into lignecommande (idlc , idc , idproduit , pourcentageremise ,quantite) values (10189 , 4 , 4033 ,2, 1);
insert into lignecommande (idlc , idc , idproduit , pourcentageremise , quantite) values (10182 , 1 , 4034 ,2, 1);
insert into lignecommande (idlc , idc , idproduit , pourcentageremise ,quantite) values (10178 , 4 , 4036 , 2,1);
insert into lignecommande (idlc , idc , idproduit , pourcentageremise ,quantite) values (10179 , 3 , 4037 , 2,1);
insert into lignecommande (idlc , idc , idproduit , pourcentageremise , quantite) values (10183 , 4 , 4039 , 2,1);
insert into lignecommande (idlc , idc , idproduit , pourcentageremise ,quantite) values (10178 , 7 , 4042 ,2, 1);
insert into lignecommande (idlc , idc , idproduit ,pourcentageremise , quantite) values (10181 , 3 , 4045 ,2, 1);
insert into lignecommande (idlc , idc , idproduit ,pourcentageremise , quantite) values (10191 , 2 , 4052 ,2, 1);
insert into lignecommande (idlc , idc , idproduit ,pourcentageremise , quantite) values (10192 , 8 , 4052 , 2,1);
insert into lignecommande (idlc , idc , idproduit ,pourcentageremise , quantite) values (10188 , 2 , 4052 ,2, 1);
insert into lignecommande (idlc , idc , idproduit ,pourcentageremise , quantite) values (10178 , 6 , 4053 ,2, 1);
insert into lignecommande (idlc , idc , idproduit ,pourcentageremise , quantite) values (10180 , 1 , 4053 ,2, 1);
insert into lignecommande (idlc , idc , idproduit ,pourcentageremise , quantite) values (10190 , 4 , 4053 ,2, 1);
insert into lignecommande (idlc , idc , idproduit ,pourcentageremise , quantite) values (10179 , 5 , 4054 ,2, 1);
insert into lignecommande (idlc , idc , idproduit ,pourcentageremise , quantite) values (10181 , 6 , 4054 ,2, 1);
insert into lignecommande (idlc , idc , idproduit ,pourcentageremise , quantite) values (10182 , 3 , 4055 ,2, 1);
insert into lignecommande (idlc , idc , idproduit ,pourcentageremise , quantite) values (10180 , 2 , 4055 ,2, 1);
insert into lignecommande (idlc , idc , idproduit ,pourcentageremise , quantite) values (10179 , 6 , 4057 ,2, 1);
insert into lignecommande (idlc , idc , idproduit ,pourcentageremise , quantite) values (10182 , 4 , 4057 ,2, 1);

insert into  bonbonpoids(idproduit,poids ) values (1004 , 10);
insert into  bonbonpoids(idproduit,poids ) values (4057 , 5);
insert into  bonbonpoids(idproduit,poids ) values (1007 , 2);


insert into  bonbonpiece(idproduit,nombrepiece,poidsapppiece  ) values (1007 , 2, 5);
insert into  bonbonpiece(idproduit,nombrepiece,poidsapppiece  ) values (1046 , 4, 6);

insert into  gateaupoids(idproduit,Poids,dateperemption  ) values (1016 , 4, '05/10/2009');





